<?xml version="1.0" encoding="utf-8"?>
<databaseChangeLog
    xmlns="http://www.liquibase.org/xml/ns/dbchangelog"
    xmlns:xsi="http://www.w3.org/2001/XMLSchema-instance"
    xsi:schemaLocation="http://www.liquibase.org/xml/ns/dbchangelog http://www.liquibase.org/xml/ns/dbchangelog/dbchangelog-3.1.xsd">

    <property name="now" value="now()" dbms="mysql,h2"/>
    <property name="now" value="current_timestamp" dbms="postgresql"/>

    <!--
        Added the entity Ip.
    -->
    <changeSet id="20150416214757" author="jhipster">
        <createTable tableName="IP">
            <column name="id" type="bigint" autoIncrement="true">
                <constraints primaryKey="true" nullable="false"/>
            </column>
            <column name="address" type="varchar(255)"/>
            <column name="mask" type="integer"/>
            <column name="enabled" type="bit"/>
            <column name="username" type="varchar(255)"/>
        </createTable>
        
    </changeSet>
</databaseChangeLog>
