<?xml version="1.0" encoding="UTF-8"?>
<databaseChangeLog xmlns="http://www.liquibase.org/xml/ns/dbchangelog"
                   xmlns:ext="http://www.liquibase.org/xml/ns/dbchangelog-ext"
                   xmlns:xsi="http://www.w3.org/2001/XMLSchema-instance"
                   xsi:schemaLocation="http://www.liquibase.org/xml/ns/dbchangelog-ext http://www.liquibase.org/xml/ns/dbchangelog/dbchangelog-ext.xsd http://www.liquibase.org/xml/ns/dbchangelog http://www.liquibase.org/xml/ns/dbchangelog/dbchangelog-3.3.xsd">
   <changeSet author="jonatan (generated)" id="1443015600860-1">
      <addColumn tableName="CLUSTER">
         <column name="cluster_id" type="integer">
            <constraints nullable="false"/>
         </column>
      </addColumn>
   </changeSet>
   <changeSet author="jonatan (generated)" id="1443015600860-2">
      <addColumn tableName="NODE">
         <column name="cluster_id" type="integer"/>
      </addColumn>
   </changeSet>
   <changeSet author="jonatan (generated)" id="1443015600860-3">
      <addColumn tableName="CLUSTER">
         <column name="cluster_in_system_id" type="integer"/>
      </addColumn>
   </changeSet>
   <changeSet author="jonatan (generated)" id="1443015600860-4">
      <addForeignKeyConstraint baseColumnNames="cluster_id"
                               baseTableName="NODE"
                               constraintName="FK_sh17js8108555rky0dnk1bcuo"
                               deferrable="false"
                               initiallyDeferred="false"
                               referencedColumnNames="cluster_id"
                               referencedTableName="CLUSTER"/>
   </changeSet>
   <changeSet author="jonatan (generated)" id="1443015600860-5">
      <dropColumn columnName="clusterid" tableName="CLUSTER"/>
   </changeSet>
   <changeSet author="jonatan (generated)" id="1443015600860-6">
      <dropColumn columnName="clusterid" tableName="NODE"/>
   </changeSet>
   <changeSet author="jonatan (generated)" id="1443015600860-7">
      <dropColumn columnName="id" tableName="CLUSTER"/>
   </changeSet>
   <changeSet author="jonatan (generated)" id="1443015600860-8">
      <dropPrimaryKey tableName="CLUSTER"/>
      <addPrimaryKey columnNames="cluster_id"
                     constraintName="CLUSTERPK"
                     tableName="CLUSTER"/>
   </changeSet>
</databaseChangeLog>
